{
  "id": 20,
  "name": "Royal School of Mines",
  "has_name": true,
  "height_m": 10.5,
  "images": [
    {
      "filename": "51.499299_-0.175599_h0_p20.jpg",
      "heading": 0,
      "pitch": 20,
      "distance_m": 37.0
    },
    {
      "filename": "51.499299_-0.175599_h315_p20.jpg",
      "heading": 315,
      "pitch": 20,
      "distance_m": 51.3
    },
    {
      "filename": "51.499299_-0.175599_h45_p20.jpg",
      "heading": 45,
      "pitch": 20,
      "distance_m": 55.5
    }
  ],
  "footprint": [
    [
      -127.39,
      98.65
    ],
    [
      -125.64,
      87.76
    ],
    [
      -107.41,
      90.28
    ],
    [
      -106.79,
      86.56
    ],
    [
      -52.45,
      95.64
    ],
    [
      -51.59,
      90.49
    ],
    [
      -47.69,
      91.16
    ],
    [
      -12.08,
      97.05
    ],
    [
      -8.1,
      73.09
    ],
    [
      -4.79,
      73.63
    ],
    [
      18.65,
      77.99
    ],
    [
      10.54,
      121.6
    ]
  ]
}