{
  "id": 5,
  "name": "Royal College of Music",
  "has_name": true,
  "height_m": 14.0,
  "images": [
    {
      "filename": "51.499779_-0.178054_h90_p20.jpg",
      "heading": 90,
      "pitch": 20,
      "distance_m": 79.5
    },
    {
      "filename": "51.499959_-0.177120_h135_p20.jpg",
      "heading": 135,
      "pitch": 20,
      "distance_m": 27.0
    },
    {
      "filename": "51.499959_-0.177120_h180_p20.jpg",
      "heading": 180,
      "pitch": 20,
      "distance_m": 23.4
    },
    {
      "filename": "51.499959_-0.177120_h225_p20.jpg",
      "heading": 225,
      "pitch": 20,
      "distance_m": 37.8
    }
  ],
  "footprint": [
    [
      -189.99,
      95.57
    ],
    [
      -187.75,
      80.42
    ],
    [
      -165.69,
      83.99
    ],
    [
      -150.82,
      86.39
    ],
    [
      -131.56,
      89.04
    ],
    [
      -131.21,
      86.86
    ],
    [
      -125.64,
      87.76
    ],
    [
      -127.39,
      98.65
    ],
    [
      -128.49,
      105.91
    ],
    [
      -139.98,
      104.16
    ],
    [
      -139.51,
      101.02
    ],
    [
      -155.62,
      98.58
    ],
    [
      -155.82,
      99.98
    ],
    [
      -160.93,
      99.3
    ],
    [
      -166.17,
      98.43
    ],
    [
      -165.94,
      96.91
    ],
    [
      -180.23,
      94.8
    ],
    [
      -180.55,
      96.96
    ]
  ]
}