{
  "id": 94,
  "name": "Royal Albert Hall",
  "has_name": true,
  "height_m": 15.0,
  "images": [
    {
      "filename": "51.499959_-0.177120_h0_p20.jpg",
      "heading": 0,
      "pitch": 20,
      "distance_m": 80.8
    }
  ],
  "footprint": [
    [
      -218.35,
      222.44
    ],
    [
      -217.14,
      219.77
    ],
    [
      -215.73,
      217.21
    ],
    [
      -213.88,
      214.3
    ],
    [
      -211.58,
      211.37
    ],
    [
      -209.74,
      209.13
    ],
    [
      -207.23,
      206.45
    ],
    [
      -204.84,
      204.38
    ],
    [
      -202.6,
      202.65
    ],
    [
      -200.11,
      201.02
    ],
    [
      -197.45,
      199.41
    ],
    [
      -194.96,
      198.17
    ],
    [
      -192.12,
      197.12
    ],
    [
      -188.69,
      196.26
    ],
    [
      -186.46,
      195.85
    ],
    [
      -184.93,
      195.72
    ],
    [
      -184.14,
      195.69
    ],
    [
      -183.44,
      190.28
    ],
    [
      -184.01,
      190.21
    ],
    [
      -183.77,
      188.32
    ],
    [
      -179.93,
      188.86
    ],
    [
      -180.0,
      189.35
    ],
    [
      -171.27,
      190.56
    ],
    [
      -171.21,
      190.07
    ],
    [
      -167.34,
      190.62
    ],
    [
      -167.68,
      192.61
    ],
    [
      -168.37,
      192.49
    ],
    [
      -169.29,
      197.7
    ],
    [
      -165.24,
      199.5
    ],
    [
      -162.11,
      201.52
    ],
    [
      -159.42,
      203.36
    ],
    [
      -157.2,
      205.39
    ],
    [
      -155.03,
      207.68
    ],
    [
      -153.11,
      210.16
    ],
    [
      -151.68,
      212.35
    ],
    [
      -150.33,
      214.69
    ],
    [
      -148.96,
      217.3
    ],
    [
      -147.87,
      219.81
    ],
    [
      -146.81,
      222.54
    ],
    [
      -145.79,
      225.82
    ],
    [
      -145.05,
      228.84
    ],
    [
      -144.64,
      231.63
    ],
    [
      -144.37,
      234.82
    ],
    [
      -144.37,
      238.3
    ],
    [
      -142.98,
      238.5
    ],
    [
      -143.05,
      238.92
    ],
    [
      -139.56,
      239.47
    ],
    [
      -139.49,
      239.0
    ],
    [
      -138.41,
      239.16
    ],
    [
      -137.34,
      239.31
    ],
    [
      -137.68,
      241.67
    ],
    [
      -138.05,
      241.61
    ],
    [
      -139.6,
      252.17
    ],
    [
      -139.28,
      252.26
    ],
    [
      -139.84,
      255.2
    ],
    [
      -141.94,
      254.74
    ],
    [
      -141.87,
      254.38
    ],
    [
      -143.86,
      253.92
    ],
    [
      -146.17,
      253.39
    ],
    [
      -146.24,
      253.74
    ],
    [
      -146.9,
      253.65
    ],
    [
      -148.45,
      257.6
    ],
    [
      -149.95,
      260.62
    ],
    [
      -151.55,
      263.41
    ],
    [
      -152.99,
      265.74
    ],
    [
      -154.92,
      268.09
    ],
    [
      -156.64,
      270.28
    ],
    [
      -158.77,
      272.41
    ],
    [
      -160.92,
      274.42
    ],
    [
      -163.49,
      276.4
    ],
    [
      -165.83,
      277.97
    ],
    [
      -168.38,
      279.2
    ],
    [
      -171.48,
      280.62
    ],
    [
      -174.31,
      281.65
    ],
    [
      -177.03,
      282.38
    ],
    [
      -177.83,
      282.52
    ],
    [
      -179.36,
      282.77
    ],
    [
      -181.45,
      282.82
    ],
    [
      -183.15,
      282.82
    ],
    [
      -183.82,
      288.58
    ],
    [
      -183.45,
      288.65
    ],
    [
      -183.8,
      290.68
    ],
    [
      -187.77,
      290.0
    ],
    [
      -187.64,
      289.38
    ],
    [
      -195.82,
      287.94
    ],
    [
      -195.9,
      288.53
    ],
    [
      -199.63,
      287.99
    ],
    [
      -199.41,
      286.31
    ],
    [
      -198.68,
      286.44
    ],
    [
      -197.75,
      280.46
    ],
    [
      -198.22,
      280.16
    ],
    [
      -201.24,
      278.69
    ],
    [
      -204.0,
      277.1
    ],
    [
      -206.2,
      275.55
    ],
    [
      -208.13,
      273.79
    ],
    [
      -210.56,
      271.57
    ],
    [
      -212.57,
      269.28
    ],
    [
      -214.53,
      266.42
    ],
    [
      -216.35,
      263.25
    ],
    [
      -217.59,
      260.82
    ],
    [
      -218.7,
      258.41
    ],
    [
      -219.62,
      255.69
    ],
    [
      -220.37,
      253.14
    ],
    [
      -221.01,
      250.2
    ],
    [
      -221.53,
      247.43
    ],
    [
      -221.85,
      244.59
    ],
    [
      -222.0,
      240.96
    ],
    [
      -222.61,
      240.88
    ],
    [
      -222.57,
      240.56
    ],
    [
      -223.69,
      240.43
    ],
    [
      -228.07,
      239.93
    ],
    [
      -228.15,
      240.58
    ],
    [
      -230.06,
      240.31
    ],
    [
      -229.66,
      237.76
    ],
    [
      -229.36,
      237.8
    ],
    [
      -227.67,
      226.88
    ],
    [
      -227.95,
      226.76
    ],
    [
      -227.59,
      224.47
    ],
    [
      -225.49,
      224.79
    ],
    [
      -225.55,
      225.22
    ],
    [
      -220.2,
      226.17
    ],
    [
      -220.17,
      225.81
    ],
    [
      -219.7,
      225.86
    ]
  ]
}