{
  "id": 435,
  "name": "Albert Court",
  "has_name": true,
  "height_m": 24.5,
  "images": [
    {
      "filename": "51.499959_-0.177120_h45_p20.jpg",
      "heading": 45,
      "pitch": 20,
      "distance_m": 24.2
    }
  ],
  "footprint": [
    [
      -148.34,
      180.15
    ],
    [
      -147.59,
      180.25
    ],
    [
      -141.56,
      141.72
    ],
    [
      -142.16,
      141.63
    ],
    [
      -141.91,
      140.0
    ],
    [
      -142.68,
      139.08
    ],
    [
      -142.27,
      136.37
    ],
    [
      -141.25,
      135.76
    ],
    [
      -141.09,
      134.77
    ],
    [
      -140.48,
      134.86
    ],
    [
      -139.48,
      128.43
    ],
    [
      -60.08,
      140.13
    ],
    [
      -61.07,
      146.84
    ],
    [
      -60.38,
      147.88
    ],
    [
      -60.83,
      151.19
    ],
    [
      -61.83,
      151.95
    ],
    [
      -63.69,
      164.46
    ],
    [
      -67.06,
      171.27
    ],
    [
      -67.84,
      171.24
    ],
    [
      -68.5,
      177.28
    ],
    [
      -70.92,
      179.6
    ],
    [
      -71.7,
      178.71
    ],
    [
      -75.51,
      182.35
    ],
    [
      -79.92,
      186.15
    ],
    [
      -83.29,
      188.83
    ],
    [
      -86.89,
      191.49
    ],
    [
      -89.86,
      193.6
    ],
    [
      -93.02,
      195.48
    ],
    [
      -96.3,
      197.14
    ],
    [
      -99.67,
      198.47
    ],
    [
      -103.52,
      199.62
    ],
    [
      -107.25,
      200.48
    ],
    [
      -111.6,
      200.97
    ],
    [
      -114.47,
      201.14
    ],
    [
      -116.8,
      201.0
    ],
    [
      -126.27,
      199.54
    ],
    [
      -145.4,
      196.61
    ],
    [
      -145.09,
      194.93
    ],
    [
      -146.4,
      194.75
    ],
    [
      -147.21,
      192.7
    ],
    [
      -148.74,
      192.59
    ],
    [
      -148.21,
      188.67
    ],
    [
      -149.22,
      188.61
    ],
    [
      -149.02,
      187.37
    ],
    [
      -149.48,
      187.33
    ],
    [
      -149.27,
      186.02
    ],
    [
      -149.92,
      185.24
    ],
    [
      -149.52,
      182.37
    ],
    [
      -148.62,
      181.85
    ]
  ]
}