{
  "id": 91,
  "name": "William Penney Laboratory",
  "has_name": true,
  "height_m": 7.0,
  "images": [
    {
      "filename": "51.498825_-0.176932_h0_p20.jpg",
      "heading": 0,
      "pitch": 20,
      "distance_m": 3.1
    },
    {
      "filename": "51.498825_-0.176932_h270_p20.jpg",
      "heading": 270,
      "pitch": 20,
      "distance_m": 19.9
    },
    {
      "filename": "51.498825_-0.176932_h315_p20.jpg",
      "heading": 315,
      "pitch": 20,
      "distance_m": 3.8
    },
    {
      "filename": "51.498825_-0.176932_h45_p20.jpg",
      "heading": 45,
      "pitch": 20,
      "distance_m": 5.2
    }
  ],
  "footprint": [
    [
      -168.86,
      20.63
    ],
    [
      -167.95,
      14.85
    ],
    [
      -169.77,
      14.56
    ],
    [
      -167.6,
      0.77
    ],
    [
      -166.91,
      -3.59
    ],
    [
      -141.81,
      0.34
    ],
    [
      -134.29,
      1.52
    ],
    [
      -134.78,
      4.58
    ],
    [
      -137.25,
      20.31
    ],
    [
      -139.83,
      19.91
    ],
    [
      -140.45,
      23.72
    ],
    [
      -140.67,
      25.59
    ]
  ]
}