{
  "id": 19,
  "name": "Rector's Residence",
  "has_name": true,
  "height_m": 10.5,
  "images": [
    {
      "filename": "51.497665_-0.178563_h315_p20.jpg",
      "heading": 315,
      "pitch": 20,
      "distance_m": 41.8
    },
    {
      "filename": "51.497882_-0.179379_h45_p20.jpg",
      "heading": 45,
      "pitch": 20,
      "distance_m": 5.3
    }
  ],
  "footprint": [
    [
      -280.4,
      -93.07
    ],
    [
      -305.85,
      -96.74
    ],
    [
      -304.67,
      -104.13
    ],
    [
      -303.67,
      -110.37
    ],
    [
      -278.27,
      -106.32
    ]
  ]
}